{"cameraMode":{"drawMode":0,"name":"Shaded","section":"Shading Mode"},"sceneLighting":true,"audioPlay":false,"sceneViewState":{"showFog":true,"showMaterialUpdate":false,"showSkybox":true,"showFlares":true,"showImageEffects":true,"showParticleSystems":true},"in2DMode":false,"pivot":{"x":0.49318400025367739,"y":-0.5714536309242249,"z":-4.382347106933594},"rotation":{"x":0.011848699301481247,"y":0.9843251705169678,"z":-0.1602621227502823,"w":0.07277074456214905},"size":19.072633743286134,"orthographic":false}