{"cameraMode":{"drawMode":0,"name":"Shaded","section":"Shading Mode"},"sceneLighting":true,"audioPlay":false,"sceneViewState":{"showFog":true,"showMaterialUpdate":false,"showSkybox":true,"showFlares":true,"showImageEffects":true,"showParticleSystems":true},"in2DMode":false,"pivot":{"x":2.12583589553833,"y":1.595420479774475,"z":0.34804779291152956},"rotation":{"x":0.10348733514547348,"y":-0.5427461266517639,"z":0.06755116581916809,"w":0.8307824730873108},"size":3.0416717529296877,"orthographic":false}